cellname,celltype
5739STDY9266990_AACGTTGGTAAGTGTA-1,Bcell
5739STDY9266990_ACTTTCAGTTGCTCCT-1,Bcell
5739STDY9266990_CATGCCTGTTACAGAA-1,Bcell
5739STDY9266990_CGGCTAGAGAATAGGG-1,Bcell
5739STDY9266990_CTCTGGTCAAGTTAAG-1,Bcell
5739STDY9266990_GAAGCAGCATCCAACA-1,Bcell
5739STDY9266990_GCAGCCAGTGGCAAAC-1,Bcell
5739STDY9266990_AAACCTGAGTAGATGT-1,Tcell
5739STDY9266990_AAAGTAGCAGTGACAG-1,Tcell
5739STDY9266990_AAATGCCCAAGGACTG-1,Tcell
5739STDY9266990_AAATGCCGTTTGACTG-1,Tcell
5739STDY9266990_AACTCAGAGACTACAA-1,Tcell
5739STDY9266990_AACTCAGTCCTCAACC-1,Tcell
5739STDY9266990_AACTCAGTCTGCGTAA-1,Tcell
5739STDY9266990_AACTCTTGTCGCCATG-1,Tcell
5739STDY9266990_AACTGGTTCTTGCATT-1,Tcell
5739STDY9266990_AAGACCTAGTCGAGTG-1,Tcell
5739STDY9266990_AAGCCGCGTTGGACCC-1,Tcell
5739STDY9266990_AAGGAGCAGAGTACCG-1,Tcell
5739STDY9266990_AAGGCAGGTATGCTTG-1,Tcell
5739STDY9266990_AAGGTTCGTCAGATAA-1,Tcell
5739STDY9266990_ACACCAACAAATACAG-1,Tcell
5739STDY9266990_ACAGCCGCAGGACCCT-1,Tcell
5739STDY9266990_ACAGCTAAGGCATGGT-1,Tcell
5739STDY9266990_ACAGCTACATTGAGCT-1,Tcell
5739STDY9266990_ACATACGAGCGAAGGG-1,Tcell
5739STDY9266990_ACATACGTCTAGCACA-1,Tcell
5739STDY9266990_ACATCAGAGAAGGACA-1,Tcell
5739STDY9266990_ACCCACTGTTTAGCTG-1,Tcell
5739STDY9266990_ACGATACAGAATTGTG-1,Tcell
5739STDY9266990_ACGATGTCAACTGGCC-1,Tcell
5739STDY9266990_ACGATGTGTCGAACAG-1,Tcell
5739STDY9266990_ACGCCAGGTCCTGCTT-1,Tcell
5739STDY9266990_ACGCCAGTCTCAACTT-1,Tcell
5739STDY9266990_ACGCCGATCAATCACG-1,Tcell
5739STDY9266990_ACGCCGATCTCAAGTG-1,Tcell
5739STDY9266990_ACGGCCAAGGCTAGCA-1,Tcell
5739STDY9266990_ACGGGCTGTGTTTGGT-1,Tcell
5739STDY9266990_ACTATCTGTGGTTTCA-1,Tcell
5739STDY9266990_ACTGATGGTGTAACGG-1,Tcell
5739STDY9266990_ACTGCTCAGATCGATA-1,Tcell
5739STDY9266990_ACTTACTTCGCATGAT-1,Tcell
5739STDY9266990_ACTTGTTTCCTGCAGG-1,Tcell
5739STDY9266990_ACTTTCAAGCAAATCA-1,Tcell
5739STDY9266990_ACTTTCATCATGTCTT-1,Tcell
5739STDY9266990_AGAATAGGTAGCCTCG-1,Tcell
5739STDY9266990_AGAGCTTCAACACCTA-1,Tcell
5739STDY9266990_AGAGTGGCACAGCGTC-1,Tcell
5739STDY9266990_AGATCTGGTCAGCTAT-1,Tcell
5739STDY9266990_AGCAGCCGTACATGTC-1,Tcell
5739STDY9266990_AGCAGCCTCTCGCATC-1,Tcell
5739STDY9266990_AGCATACCACTATCTT-1,Tcell
5739STDY9266990_AGCGTATTCTCTGTCG-1,Tcell
5739STDY9266990_AGCTCCTTCACAACGT-1,Tcell
5739STDY9266990_AGCTTGAGTTCTGGTA-1,Tcell
5739STDY9266990_AGCTTGATCTGACCTC-1,Tcell
5739STDY9266990_AGGTCATCAGGTGGAT-1,Tcell
5739STDY9266990_AGGTCCGCAGGCGATA-1,Tcell
5739STDY9266990_AGGTCCGGTGTTGAGG-1,Tcell
5739STDY9266990_AGTCTTTAGAAGGACA-1,Tcell
5739STDY9266990_AGTCTTTAGTGTCCAT-1,Tcell
5739STDY9266990_AGTCTTTCACGAGGTA-1,Tcell
5739STDY9266990_AGTCTTTTCTTCTGGC-1,Tcell
5739STDY9266990_AGTGTCAGTAGTAGTA-1,Tcell
5739STDY9266990_AGTTGGTCAAGCCTAT-1,Tcell
5739STDY9266990_AGTTGGTTCGGAATCT-1,Tcell
5739STDY9266990_AGTTGGTTCTTCATGT-1,Tcell
5739STDY9266990_ATCATCTGTCTGCGGT-1,Tcell
5739STDY9266990_ATCATGGTCTAACTTC-1,Tcell
5739STDY9266990_ATCGAGTCACTGAAGG-1,Tcell
5739STDY9266990_ATCTACTAGATAGCAT-1,Tcell
5739STDY9266990_ATCTACTAGTGATCGG-1,Tcell
5739STDY9266990_ATGCGATGTGCCTTGG-1,Tcell
5739STDY9266990_ATTGGACAGGCTAGAC-1,Tcell
5739STDY9266990_ATTGGTGGTGCAGACA-1,Tcell
5739STDY9266990_CAACTAGTCCTGCCAT-1,Tcell
5739STDY9266990_CAAGGCCTCTGGCGTG-1,Tcell
5739STDY9266990_CAAGTTGCATTTCACT-1,Tcell
5739STDY9266990_CAAGTTGGTGCCTTGG-1,Tcell
5739STDY9266990_CACAAACAGGAATCGC-1,Tcell
5739STDY9266990_CACAAACCATCAGTCA-1,Tcell
5739STDY9266990_CACAAACGTCCGTTAA-1,Tcell
5739STDY9266990_CACAAACGTTCGTTGA-1,Tcell
5739STDY9266990_CACACTCAGCGTGAAC-1,Tcell
5739STDY9266990_CACACTCGTACAGCAG-1,Tcell
5739STDY9266990_CACAGGCGTCGAACAG-1,Tcell
5739STDY9266990_CACATTTAGTGGAGTC-1,Tcell
5739STDY9266990_CACCACTTCTTCATGT-1,Tcell
5739STDY9266990_CACCAGGGTGAGGCTA-1,Tcell
5739STDY9266990_CACCTTGCAAGTACCT-1,Tcell
5739STDY9266990_CACTCCAAGTACATGA-1,Tcell
5739STDY9266990_CACTCCAGTACCAGTT-1,Tcell
5739STDY9266990_CAGATCAAGACAAAGG-1,Tcell
5739STDY9266990_CAGATCAAGCTGTCTA-1,Tcell
5739STDY9266990_CAGATCAGTCTCACCT-1,Tcell
5739STDY9266990_CAGCAGCAGAGGTTGC-1,Tcell
5739STDY9266990_CAGCAGCAGTGACATA-1,Tcell
5739STDY9266990_CAGCTGGAGACGCTTT-1,Tcell
5739STDY9266990_CAGCTGGTCTTTAGTC-1,Tcell
5739STDY9266990_CAGGTGCAGATCCCGC-1,Tcell
5739STDY9266990_CAGTCCTTCTACTTAC-1,Tcell
5739STDY9266990_CATATGGTCCGTCAAA-1,Tcell
5739STDY9266990_CATATTCTCATCGATG-1,Tcell
5739STDY9266990_CATATTCTCGTATCAG-1,Tcell
5739STDY9266990_CATCAGAAGTTCGCAT-1,Tcell
5739STDY9266990_CATGACAGTGCCTTGG-1,Tcell
5739STDY9266990_CATGCCTGTCTTGCGG-1,Tcell
5739STDY9266990_CATTCGCCAATGGACG-1,Tcell
5739STDY9266990_CCAATCCCACCGTTGG-1,Tcell
5739STDY9266990_CCAATCCCACGCGAAA-1,Tcell
5739STDY9266990_CCAATCCGTTAAAGAC-1,Tcell
5739STDY9266990_CCACTACTCGGCCGAT-1,Tcell
5739STDY9266990_CCATTCGCACGACGAA-1,Tcell
5739STDY9266990_CCCAATCGTCGAATCT-1,Tcell
5739STDY9266990_CCGTTCAAGCAACGGT-1,Tcell
5739STDY9266990_CCGTTCAAGTACCGGA-1,Tcell
5739STDY9266990_CCGTTCACACTTAACG-1,Tcell
5739STDY9266990_CCTAAAGTCACGACTA-1,Tcell
5739STDY9266990_CCTACACCAATCGAAA-1,Tcell
5739STDY9266990_CCTACACGTGCGGTAA-1,Tcell
5739STDY9266990_CCTAGCTGTAGTGAAT-1,Tcell
5739STDY9266990_CCTTACGAGAAAGTGG-1,Tcell
5739STDY9266990_CCTTACGGTACCAGTT-1,Tcell
5739STDY9266990_CCTTACGGTTGAGTTC-1,Tcell
5739STDY9266990_CCTTTCTCATGGTCTA-1,Tcell
5739STDY9266990_CCTTTCTTCAGCCTAA-1,Tcell
5739STDY9266990_CGAACATAGACACTAA-1,Tcell
5739STDY9266990_CGAATGTCAATGCCAT-1,Tcell
5739STDY9266990_CGAATGTGTATCGCAT-1,Tcell
5739STDY9266990_CGACCTTTCAATACCG-1,Tcell
5739STDY9266990_CGAGAAGGTCCGAGTC-1,Tcell
5739STDY9266990_CGAGCCAAGACCACGA-1,Tcell
5739STDY9266990_CGAGCCAGTAAGGATT-1,Tcell
5739STDY9266990_CGATGGCAGCGTGAAC-1,Tcell
5739STDY9266990_CGATGTATCGCAAGCC-1,Tcell
5739STDY9266990_CGCCAAGCACAGCCCA-1,Tcell
5739STDY9266990_CGCGGTAGTAGCGCAA-1,Tcell
5739STDY9266990_CGCTATCTCACTGGGC-1,Tcell
5739STDY9266990_CGGAGCTTCTAACTCT-1,Tcell
5739STDY9266990_CGGTTAAAGGCAAAGA-1,Tcell
5739STDY9266990_CGGTTAACATAGAAAC-1,Tcell
5739STDY9266990_CGTCCATTCACTTATC-1,Tcell
5739STDY9266990_CGTGAGCCACGAAACG-1,Tcell
5739STDY9266990_CGTGAGCTCGTTACAG-1,Tcell
5739STDY9266990_CGTGTAAGTACCTACA-1,Tcell
5739STDY9266990_CGTGTCTAGTTTAGGA-1,Tcell
5739STDY9266990_CGTTCTGAGATGCCTT-1,Tcell
5739STDY9266990_CGTTCTGTCAGAGGTG-1,Tcell
5739STDY9266990_CTAAGACTCACTATTC-1,Tcell
5739STDY9266990_CTACACCGTCTCACCT-1,Tcell
5739STDY9266990_CTACATTGTTCAGGCC-1,Tcell
5739STDY9266990_CTAGAGTAGAGCTATA-1,Tcell
5739STDY9266990_CTAGCCTAGAGTACAT-1,Tcell
5739STDY9266990_CTAGTGACACTTAAGC-1,Tcell
5739STDY9266990_CTAGTGACATTAGCCA-1,Tcell
5739STDY9266990_CTCAGAATCACTTATC-1,Tcell
5739STDY9266990_CTCATTATCCCAAGAT-1,Tcell
5739STDY9266990_CTCGGAGTCTACTATC-1,Tcell
5739STDY9266990_CTCGGGAAGCTGATAA-1,Tcell
5739STDY9266990_CTGAAACCAGTATCTG-1,Tcell
5739STDY9266990_CTGATAGAGAGTGAGA-1,Tcell
5739STDY9266990_CTGATCCCAAAGCAAT-1,Tcell
5739STDY9266990_CTGCCTAAGCAACGGT-1,Tcell
5739STDY9266990_CTGCCTACATAGACTC-1,Tcell
5739STDY9266990_CTGTGCTAGCTAACAA-1,Tcell
5739STDY9266990_CTTAACTTCTTCAACT-1,Tcell
5739STDY9266990_CTTGGCTAGGATGCGT-1,Tcell
5739STDY9266990_CTTTGCGTCATTGCGA-1,Tcell
5739STDY9266990_GAAGCAGAGTAAGTAC-1,Tcell
5739STDY9266990_GAAGCAGTCTGGGCCA-1,Tcell
5739STDY9266990_GAATGAAGTAGTAGTA-1,Tcell
5739STDY9266990_GAATGAAGTTCGGGCT-1,Tcell
5739STDY9266990_GACCAATTCGGATGGA-1,Tcell
5739STDY9266990_GACCTGGCAGGGTACA-1,Tcell
5739STDY9266990_GACGCGTAGCGTCTAT-1,Tcell
5739STDY9266990_GACGGCTGTCCGCTGA-1,Tcell
5739STDY9266990_GACGTGCAGGGAACGG-1,Tcell
5739STDY9266990_GACGTTAAGTCAAGCG-1,Tcell
5739STDY9266990_GACGTTACACAAGTAA-1,Tcell
5739STDY9266990_GACTAACTCAGTCAGT-1,Tcell
5739STDY9266990_GACTGCGCAACACCTA-1,Tcell
5739STDY9266990_GATCGCGGTACAGTGG-1,Tcell
5739STDY9266990_GATGAAAAGGCTAGCA-1,Tcell
5739STDY9266990_GATTCAGGTAAACGCG-1,Tcell
5739STDY9266990_GCAAACTCATCCAACA-1,Tcell
5739STDY9266990_GCAATCAAGTACGTAA-1,Tcell
5739STDY9266990_GCACTCTGTGGTAACG-1,Tcell
5739STDY9266990_GCAGCCATCCTTAATC-1,Tcell
5739STDY9266990_GCAGTTAAGGATATAC-1,Tcell
5739STDY9266990_GCAGTTAGTACCAGTT-1,Tcell
5739STDY9266990_GCATACAAGAGCCCAA-1,Tcell
5739STDY9266990_GCATACATCTGGTATG-1,Tcell
5739STDY9266990_GCATACATCTTAGAGC-1,Tcell
5739STDY9266990_GCATGATAGGTTCCTA-1,Tcell
5739STDY9266990_GCATGCGTCAGCGACC-1,Tcell
5739STDY9266990_GCATGTATCTATCCTA-1,Tcell
5739STDY9266990_GCCAAATTCTTTACAC-1,Tcell
5739STDY9266990_GCCTCTACATCCGTGG-1,Tcell
5739STDY9266990_GCGGGTTAGTGGCACA-1,Tcell
5739STDY9266990_GCTCCTATCAGTACGT-1,Tcell
5739STDY9266990_GCTGCAGCACATCTTT-1,Tcell
5739STDY9266990_GCTGCAGTCGTCCGTT-1,Tcell
5739STDY9266990_GCTGCAGTCTGAAAGA-1,Tcell
5739STDY9266990_GCTGCTTAGTGCCATT-1,Tcell
5739STDY9266990_GCTGCTTTCCGGGTGT-1,Tcell
5739STDY9266990_GCTGGGTCACCTCGTT-1,Tcell
5739STDY9266990_GCTGGGTTCGCCAAAT-1,Tcell
5739STDY9266990_GCTTCCAGTAAGGATT-1,Tcell
5739STDY9266990_GCTTGAATCATGCATG-1,Tcell
5739STDY9266990_GGAACTTTCGTAGGTT-1,Tcell
5739STDY9266990_GGACAGACATGACATC-1,Tcell
5739STDY9266990_GGAGCAAGTCTAAAGA-1,Tcell
5739STDY9266990_GGCAATTTCTCGCTTG-1,Tcell
5739STDY9266990_GGCTCGACAACTGCTA-1,Tcell
5739STDY9266990_GGCTCGATCCTACAGA-1,Tcell
5739STDY9266990_GGGACCTAGAGCCCAA-1,Tcell
5739STDY9266990_GGGACCTTCTTTCCTC-1,Tcell
5739STDY9266990_GGGATGACAATGGTCT-1,Tcell
5739STDY9266990_GGGCACTGTCAGATAA-1,Tcell
5739STDY9266990_GGTGAAGGTCTCATCC-1,Tcell
5739STDY9266990_GGTGTTAAGCTAGGCA-1,Tcell
5739STDY9266990_GTACTCCTCTGAGTGT-1,Tcell
5739STDY9266990_GTAGGCCTCCAAGCCG-1,Tcell
5739STDY9266990_GTCACGGAGCACACAG-1,Tcell
5739STDY9266990_GTCGTAATCACATACG-1,Tcell
5739STDY9266990_GTCTTCGCAATGGACG-1,Tcell
5739STDY9266990_GTGCATAAGATGAGAG-1,Tcell
5739STDY9266990_GTGCATACAACACGCC-1,Tcell
5739STDY9266990_GTGCGGTAGACTAGAT-1,Tcell
5739STDY9266990_GTGCTTCTCCAGAAGG-1,Tcell
5739STDY9266990_GTGCTTCTCCAGATCA-1,Tcell
5739STDY9266990_GTGGGTCAGGAACTGC-1,Tcell
5739STDY9266990_GTGTTAGAGTAGGTGC-1,Tcell
5739STDY9266990_GTGTTAGGTTAAGATG-1,Tcell
5739STDY9266990_GTGTTAGTCACCCGAG-1,Tcell
5739STDY9266990_GTTACAGTCACCGTAA-1,Tcell
5739STDY9266990_TACAGTGCATTAGCCA-1,Tcell
5739STDY9266990_TACCTATAGACTGTAA-1,Tcell
5739STDY9266990_TACCTTAGTCTTCAAG-1,Tcell
5739STDY9266990_TACGGATTCGGCGCTA-1,Tcell
5739STDY9266990_TACTTGTAGAGAGCTC-1,Tcell
5739STDY9266990_TAGACCAGTCCAGTTA-1,Tcell
5739STDY9266990_TAGACCAGTGCACGAA-1,Tcell
5739STDY9266990_TAGAGCTTCACCACCT-1,Tcell
5739STDY9266990_TAGCCGGCACGTCTCT-1,Tcell
5739STDY9266990_TAGGCATGTCTCATCC-1,Tcell
5739STDY9266990_TAGGCATTCACTGGGC-1,Tcell
5739STDY9266990_TAGGCATTCTAGCACA-1,Tcell
5739STDY9266990_TAGTGGTCAAGTAATG-1,Tcell
5739STDY9266990_TAGTTGGTCATGCTCC-1,Tcell
5739STDY9266990_TATCAGGTCAGATAAG-1,Tcell
5739STDY9266990_TATGCCCTCACTTACT-1,Tcell
5739STDY9266990_TATGCCCTCAGGTTCA-1,Tcell
5739STDY9266990_TCAATCTTCCTTTCGG-1,Tcell
5739STDY9266990_TCAGCAAAGTGCAAGC-1,Tcell
5739STDY9266990_TCAGCAATCAACCATG-1,Tcell
5739STDY9266990_TCAGGATCAAGTTAAG-1,Tcell
5739STDY9266990_TCAGGATCATACAGCT-1,Tcell
5739STDY9266990_TCAGGATTCTAGAGTC-1,Tcell
5739STDY9266990_TCAGGTACATTGGTAC-1,Tcell
5739STDY9266990_TCATTACTCGCTAGCG-1,Tcell
5739STDY9266990_TCATTACTCTGCAAGT-1,Tcell
5739STDY9266990_TCGCGTTGTTCCCTTG-1,Tcell
5739STDY9266990_TCGGTAAGTCCGACGT-1,Tcell
5739STDY9266990_TCGGTAATCGTAGGTT-1,Tcell
5739STDY9266990_TCGTACCGTAGATTAG-1,Tcell
5739STDY9266990_TCGTACCTCTAACTGG-1,Tcell
5739STDY9266990_TCGTAGATCGTAGGTT-1,Tcell
5739STDY9266990_TCTCATACATGCCTTC-1,Tcell
5739STDY9266990_TCTCTAAAGCTACCTA-1,Tcell
5739STDY9266990_TCTCTAACATGGTAGG-1,Tcell
5739STDY9266990_TCTCTAATCAGCTTAG-1,Tcell
5739STDY9266990_TCTTTCCGTGTGCCTG-1,Tcell
5739STDY9266990_TGAGCATGTATTACCG-1,Tcell
5739STDY9266990_TGATTTCTCCTAGGGC-1,Tcell
5739STDY9266990_TGCCAAACAAGCGAGT-1,Tcell
5739STDY9266990_TGCCAAACACATTCGA-1,Tcell
5739STDY9266990_TGCCCTAGTCTAAAGA-1,Tcell
5739STDY9266990_TGGCTGGAGGCTAGAC-1,Tcell
5739STDY9266990_TGGCTGGCAGAGCCAA-1,Tcell
5739STDY9266990_TGGCTGGTCAACACTG-1,Tcell
5739STDY9266990_TGGGCGTCATGGGACA-1,Tcell
5739STDY9266990_TGGTTCCTCAACGGGA-1,Tcell
5739STDY9266990_TGTCCCAGTCGACTAT-1,Tcell
5739STDY9266990_TGTCCCATCCGTACAA-1,Tcell
5739STDY9266990_TGTCCCATCTGGTTCC-1,Tcell
5739STDY9266990_TGTTCCGAGCACAGGT-1,Tcell
5739STDY9266990_TTCGGTCAGCTGCAAG-1,Tcell
5739STDY9266990_TTCGGTCAGGGCTTCC-1,Tcell
5739STDY9266990_TTCGGTCGTTGTTTGG-1,Tcell
5739STDY9266990_TTCTACATCTAACTTC-1,Tcell
5739STDY9266990_TTCTCCTAGCGATGAC-1,Tcell
5739STDY9266990_TTCTTAGAGTACCGGA-1,Tcell
5739STDY9266990_TTGACTTAGTTATCGC-1,Tcell
5739STDY9266990_TTGCCGTAGAGTGAGA-1,Tcell
5739STDY9266990_TTGTAGGGTTCCAACA-1,Tcell
5739STDY9266990_TTTATGCGTACCATCA-1,Tcell
5739STDY9266990_TTTATGCTCAACCATG-1,Tcell
5739STDY9266990_TTTGGTTCAATAGCGG-1,Tcell
5739STDY9266990_TTTGGTTGTACTTGAC-1,Tcell
5739STDY9266990_TTTGTCATCAGAGGTG-1,Tcell
5739STDY9266990_AAACCTGGTACGCTGC-1,Tcell
5739STDY9266990_AAACGGGCATCGGTTA-1,Tcell
5739STDY9266990_AAAGATGGTCACTTCC-1,Tcell
5739STDY9266990_AAAGTAGAGTTCCACA-1,Tcell
5739STDY9266990_AAATGCCAGGACCACA-1,Tcell
5739STDY9266990_AACCATGTCCGCGGTA-1,Tcell
5739STDY9266990_AACCGCGCAGCTGGCT-1,Tcell
5739STDY9266990_AACGTTGAGTGGGCTA-1,Tcell
5739STDY9266990_AACGTTGCAATTCCTT-1,Tcell
5739STDY9266990_AACTCCCTCGAATGCT-1,Tcell
5739STDY9266990_AACTGGTTCCTGTAGA-1,Tcell
5739STDY9266990_AACTGGTTCGGTCTAA-1,Tcell
5739STDY9266990_AAGGCAGAGAGACTTA-1,NKcell
5739STDY9266990_AAGGTTCGTACTCGCG-1,Tcell
5739STDY9266990_AAGTCTGGTGCAGACA-1,Tcell
5739STDY9266990_ACACCCTGTACGACCC-1,Tcell
5739STDY9266990_ACACCGGCAATTCCTT-1,Tcell
5739STDY9266990_ACAGCCGCACAACTGT-1,Tcell
5739STDY9266990_ACATACGTCACGATGT-1,NKcell
5739STDY9266990_ACATACGTCTGCGTAA-1,Tcell
5739STDY9266990_ACATCAGCATAGACTC-1,Tcell
5739STDY9266990_ACATCAGTCTGCGGCA-1,Tcell
5739STDY9266990_ACATGGTGTCCAGTGC-1,Tcell
5739STDY9266990_ACCGTAAAGAGACGAA-1,Tcell
5739STDY9266990_ACCTTTAGTTCCACGG-1,Tcell
5739STDY9266990_ACGAGCCTCTCTAGGA-1,Tcell
5739STDY9266990_ACGATGTCATTTCACT-1,Tcell
5739STDY9266990_ACGATGTTCAATACCG-1,Tcell
5739STDY9266990_ACGATGTTCACCTCGT-1,Tcell
5739STDY9266990_ACTATCTAGCGTGAGT-1,Tcell
5739STDY9266990_ACTGAGTCACGAAATA-1,Tcell
5739STDY9266990_ACTGATGCAGGACGTA-1,Tcell
5739STDY9266990_ACTGCTCGTGGCAAAC-1,Tcell
5739STDY9266990_ACTTACTAGCGGATCA-1,Tcell
5739STDY9266990_ACTTGTTTCTTCCTTC-1,Tcell
5739STDY9266990_AGAGCGACAAGCGCTC-1,Tcell
5739STDY9266990_AGAGCTTAGATGCGAC-1,Tcell
5739STDY9266990_AGCAGCCCAGAGTGTG-1,Tcell
5739STDY9266990_AGCATACAGCCTTGAT-1,Tcell
5739STDY9266990_AGCATACCATATGGTC-1,Tcell
5739STDY9266990_AGCCTAAGTTACAGAA-1,Tcell
5739STDY9266990_AGCTCCTAGCGATATA-1,Tcell
5739STDY9266990_AGCTTGAAGATCACGG-1,Tcell
5739STDY9266990_AGCTTGAGTCTAGAGG-1,Tcell
5739STDY9266990_AGCTTGAGTGGACGAT-1,Tcell
5739STDY9266990_AGGCCACCAGTCGTGC-1,Tcell
5739STDY9266990_AGGCCGTTCTGGCGTG-1,Tcell
5739STDY9266990_AGGGTGAGTTTGACTG-1,Tcell
5739STDY9266990_AGGGTGATCTGTCCGT-1,Tcell
5739STDY9266990_AGGTCATAGAGCAATT-1,Tcell
5739STDY9266990_AGGTCATCAATCAGAA-1,Tcell
5739STDY9266990_AGTCTTTGTGAGGCTA-1,Tcell
5739STDY9266990_AGTGGGACAGGAATGC-1,Tcell
5739STDY9266990_ATAACGCTCGGAATCT-1,Tcell
5739STDY9266990_ATCATCTGTACTTAGC-1,Tcell
5739STDY9266990_ATCATCTGTCTAAAGA-1,Tcell
5739STDY9266990_ATCATGGCAGGGTTAG-1,Tcell
5739STDY9266990_ATCTACTCACTACAGT-1,Tcell
5739STDY9266990_ATCTGCCGTCCAGTTA-1,Tcell
5739STDY9266990_ATGAGGGGTTACAGAA-1,Tcell
5739STDY9266990_ATGCGATCAAGCGATG-1,Tcell
5739STDY9266990_ATGTGTGGTTAGATGA-1,Tcell
5739STDY9266990_ATTACTCCAAGTACCT-1,Tcell
5739STDY9266990_ATTACTCTCCGAATGT-1,Tcell
5739STDY9266990_ATTATCCAGGACAGAA-1,Tcell
5739STDY9266990_ATTCTACAGGCCGAAT-1,Tcell
5739STDY9266990_ATTGGACCAAGGTTTC-1,Tcell
5739STDY9266990_ATTGGTGGTGGTGTAG-1,Tcell
5739STDY9266990_CAACCTCGTAAGAGAG-1,Tcell
5739STDY9266990_CAAGATCCACGGTGTC-1,Tcell
5739STDY9266990_CAAGGCCTCCAGATCA-1,Tcell
5739STDY9266990_CAAGTTGCATGGATGG-1,Tcell
5739STDY9266990_CACAAACAGGAACTGC-1,Tcell
5739STDY9266990_CACAAACAGTGACATA-1,Tcell
5739STDY9266990_CACACAACAGTATCTG-1,Tcell
5739STDY9266990_CACACAAGTGGAAAGA-1,Tcell
5739STDY9266990_CACACAATCCGCATCT-1,Tcell
5739STDY9266990_CACACCTGTTCCAACA-1,Tcell
5739STDY9266990_CACACTCGTGGCTCCA-1,Tcell
5739STDY9266990_CACAGTACACACATGT-1,Tcell
5739STDY9266990_CACAGTAGTCAAAGCG-1,Tcell
5739STDY9266990_CACAGTATCCTAGGGC-1,Tcell
5739STDY9266990_CACATAGGTAGCCTAT-1,Tcell
5739STDY9266990_CACATTTCATCAGTCA-1,Tcell
5739STDY9266990_CACCAGGTCGGTGTCG-1,Tcell
5739STDY9266990_CACCTTGAGGCACATG-1,Tcell
5739STDY9266990_CACCTTGCAGCTGTTA-1,Tcell
5739STDY9266990_CACCTTGTCTCAAGTG-1,Tcell
5739STDY9266990_CACTCCACAATCCAAC-1,Tcell
5739STDY9266990_CAGCCGAGTGCAACTT-1,Tcell
5739STDY9266990_CAGCTAAGTCCGAATT-1,Tcell
5739STDY9266990_CATATGGCAGTGACAG-1,Tcell
5739STDY9266990_CATCAGAGTTAAGAAC-1,Tcell
5739STDY9266990_CATCAGATCGGTCCGA-1,Tcell
5739STDY9266990_CATCCACTCATCTGTT-1,Tcell
5739STDY9266990_CATCGAAAGTACCGGA-1,Tcell
5739STDY9266990_CATCGAAGTTCTCATT-1,Tcell
5739STDY9266990_CATGCCTGTTATCGGT-1,Tcell
5739STDY9266990_CATTATCAGGCTAGGT-1,Tcell
5739STDY9266990_CATTATCGTAGCACGA-1,Tcell
5739STDY9266990_CATTCGCGTAGAGGAA-1,Tcell
5739STDY9266990_CCACTACGTGCATCTA-1,Tcell
5739STDY9266990_CCAGCGATCGGAAATA-1,Tcell
5739STDY9266990_CCATTCGTCGTTGACA-1,Tcell
5739STDY9266990_CCCTCCTCAGCCAATT-1,Tcell
5739STDY9266990_CCCTCCTTCACCAGGC-1,Tcell
5739STDY9266990_CCGGTAGAGACATAAC-1,Tcell
5739STDY9266990_CCGTACTGTCGCCATG-1,Tcell
5739STDY9266990_CCGTTCACACTGTCGG-1,Tcell
5739STDY9266990_CCTACACGTCGCATCG-1,Tcell
5739STDY9266990_CCTACCAGTGACCAAG-1,Tcell
5739STDY9266990_CCTACCATCAGGTAAA-1,Tcell
5739STDY9266990_CCTAGCTGTAAGGGCT-1,Tcell
5739STDY9266990_CCTTTCTGTCATGCAT-1,Tcell
5739STDY9266990_CGACCTTCAATCTGCA-1,Tcell
5739STDY9266990_CGAGCACAGACACGAC-1,Tcell
5739STDY9266990_CGATCGGCAATAACGA-1,Tcell
5739STDY9266990_CGCCAAGCATGGGACA-1,Tcell
5739STDY9266990_CGCGGTACAATGGACG-1,Tcell
5739STDY9266990_CGCGTTTGTGACTCAT-1,Tcell
5739STDY9266990_CGCTATCAGTCCTCCT-1,Tcell
5739STDY9266990_CGCTGGACAAGAAGAG-1,Tcell
5739STDY9266990_CGCTGGAGTACTTGAC-1,Tcell
5739STDY9266990_CGGACGTAGTAATCCC-1,Tcell
5739STDY9266990_CGGACTGCAGGACCCT-1,Tcell
5739STDY9266990_CGGAGCTTCCATTCTA-1,Tcell
5739STDY9266990_CGGGTCATCTCTAGGA-1,Tcell
5739STDY9266990_CGTCACTAGACTGGGT-1,Tcell
5739STDY9266990_CGTCAGGCAATAGCGG-1,Tcell
5739STDY9266990_CGTCTACTCGAATGCT-1,Tcell
5739STDY9266990_CGTTAGAGTAGCTTGT-1,Tcell
5739STDY9266990_CGTTAGAGTATCAGTC-1,Tcell
5739STDY9266990_CTAACTTTCTCTAAGG-1,Tcell
5739STDY9266990_CTACACCCAGATCCAT-1,Tcell
5739STDY9266990_CTACACCTCTGCCAGG-1,Tcell
5739STDY9266990_CTAGAGTCACCCTATC-1,Tcell
5739STDY9266990_CTAGTGAAGACTACAA-1,Tcell
5739STDY9266990_CTAGTGACAAGCTGTT-1,Tcell
5739STDY9266990_CTCACACTCCGTTGTC-1,Tcell
5739STDY9266990_CTCATTATCCTCCTAG-1,Tcell
5739STDY9266990_CTCCTAGAGATATACG-1,Tcell
5739STDY9266990_CTCGAAAAGGTAAACT-1,Tcell
5739STDY9266990_CTCGAAATCAACCATG-1,Tcell
5739STDY9266990_CTCTAATTCCAGTATG-1,Tcell
5739STDY9266990_CTCTAATTCTGTTTGT-1,Tcell
5739STDY9266990_CTCTACGCAGTAAGCG-1,Tcell
5739STDY9266990_CTCTGGTTCAGAAATG-1,Tcell
5739STDY9266990_CTGCCTAGTACTTAGC-1,Tcell
5739STDY9266990_CTGTGCTTCGGCCGAT-1,Tcell
5739STDY9266990_CTGTTTATCTAACGGT-1,Tcell
5739STDY9266990_CTTACCGAGGATGCGT-1,Tcell
5739STDY9266990_CTTACCGCACGTTGGC-1,Tcell
5739STDY9266990_CTTCTCTGTCGGCATC-1,Tcell
5739STDY9266990_CTTGGCTCAGACGTAG-1,Tcell
5739STDY9266990_CTTGGCTGTACCGTTA-1,Tcell
5739STDY9266990_CTTTGCGGTTAAGATG-1,Tcell
5739STDY9266990_GAAACTCAGCTGATAA-1,Tcell
5739STDY9266990_GAAACTCAGCTGTCTA-1,Tcell
5739STDY9266990_GAAATGAAGTTGAGAT-1,Tcell
5739STDY9266990_GAACATCGTGCAGGTA-1,Tcell
5739STDY9266990_GAACCTAGTCTCTCGT-1,Tcell
5739STDY9266990_GAATAAGTCATAGCAC-1,Tcell
5739STDY9266990_GACACGCTCTTGTCAT-1,Tcell
5739STDY9266990_GACCAATGTCAATGTC-1,Tcell
5739STDY9266990_GACGGCTTCCGCAGTG-1,Tcell
5739STDY9266990_GACGTTAGTTACGCGC-1,Tcell
5739STDY9266990_GACTACATCGTCCAGG-1,Tcell
5739STDY9266990_GACTACATCTCATTCA-1,Tcell
5739STDY9266990_GAGCAGACAAGCGCTC-1,Tcell
5739STDY9266990_GATCAGTAGATGTTAG-1,Tcell
5739STDY9266990_GATCAGTTCGCCAGCA-1,Tcell
5739STDY9266990_GATCAGTTCTTGAGGT-1,Tcell
5739STDY9266990_GATCTAGAGGGATGGG-1,Tcell
5739STDY9266990_GATGCTAGTTCCCGAG-1,Tcell
5739STDY9266990_GATTCAGCACTGTGTA-1,Tcell
5739STDY9266990_GCAATCAGTCTTCTCG-1,Tcell
5739STDY9266990_GCACATACACATCCGG-1,Tcell
5739STDY9266990_GCACTCTCAGCTGCAC-1,Tcell
5739STDY9266990_GCCAAATCAATCGGTT-1,Tcell
5739STDY9266990_GCGAGAAAGACAAGCC-1,Tcell
5739STDY9266990_GCGCAACGTCCTCCAT-1,Tcell
5739STDY9266990_GCGCAACGTTGGAGGT-1,Tcell
5739STDY9266990_GCGCAACTCGTCTGCT-1,Tcell
5739STDY9266990_GCTCTGTGTTTGACTG-1,Tcell
5739STDY9266990_GCTGCGAGTAGATTAG-1,Tcell
5739STDY9266990_GCTGCTTTCAATAAGG-1,Tcell
5739STDY9266990_GCTTCCAAGCGACGTA-1,Tcell
5739STDY9266990_GCTTGAAGTGTGAAAT-1,Tcell
5739STDY9266990_GGAAAGCTCGTAGGAG-1,Tcell
5739STDY9266990_GGACATTAGATACACA-1,Tcell
5739STDY9266990_GGACATTCATAGACTC-1,Tcell
5739STDY9266990_GGACATTCATCTATGG-1,Tcell
5739STDY9266990_GGATGTTTCCTAGTGA-1,Tcell
5739STDY9266990_GGCAATTAGACGCAAC-1,Tcell
5739STDY9266990_GGCAATTAGCGCTTAT-1,Bcell
5739STDY9266990_GGCAATTTCCTCCTAG-1,Tcell
5739STDY9266990_GGCTCGACAAGCCGTC-1,Tcell
5739STDY9266990_GGCTGGTCATGCCTAA-1,Tcell
5739STDY9266990_GGGAATGGTGATAAGT-1,Tcell
5739STDY9266990_GGGACCTGTGTTAAGA-1,Tcell
5739STDY9266990_GGGACCTTCTCGCATC-1,Tcell
5739STDY9266990_GGGATGATCACGACTA-1,Tcell
5739STDY9266990_GGGCACTCAGTATGCT-1,Tcell
5739STDY9266990_GGGCACTTCGCAGGCT-1,Tcell
5739STDY9266990_GGGTCTGTCCATGAGT-1,Tcell
5739STDY9266990_GGGTTGCCACACAGAG-1,Tcell
5739STDY9266990_GGGTTGCGTTTGGCGC-1,Tcell
5739STDY9266990_GGTATTGGTTAAAGAC-1,Tcell
5739STDY9266990_GGTGCGTCATAGTAAG-1,Tcell
5739STDY9266990_GTAACGTAGATACACA-1,Tcell
5739STDY9266990_GTAACGTCAGGAATGC-1,Tcell
5739STDY9266990_GTAACGTTCGTTTATC-1,Tcell
5739STDY9266990_GTAGGCCAGTTTAGGA-1,Tcell
5739STDY9266990_GTAGTCACATGACATC-1,Tcell
5739STDY9266990_GTCAAGTCATGCATGT-1,Tcell
5739STDY9266990_GTCACAACAATCCGAT-1,Tcell
5739STDY9266990_GTCACGGCAACTGGCC-1,Tcell
5739STDY9266990_GTCACGGTCATGCTCC-1,Tcell
5739STDY9266990_GTCACGGTCCGAATGT-1,Tcell
5739STDY9266990_GTCATTTCATCTATGG-1,Tcell
5739STDY9266990_GTCCTCACATTAACCG-1,Tcell
5739STDY9266990_GTGCTTCCAGAAGCAC-1,Tcell
5739STDY9266990_GTGGGTCAGGGAACGG-1,Tcell
5739STDY9266990_GTGTTAGAGAACTGTA-1,Tcell
5739STDY9266990_GTTCTCGCACGAGAGT-1,Tcell
5739STDY9266990_GTTTCTATCTTGAGGT-1,Tcell
5739STDY9266990_TAAGCGTCAGTATGCT-1,Tcell
5739STDY9266990_TACAGTGGTGTTGAGG-1,Tcell
5739STDY9266990_TACCTATTCATGTCTT-1,Tcell
5739STDY9266990_TACGGGCAGTCCGGTC-1,Tcell
5739STDY9266990_TACGGTAGTTTCGCTC-1,Tcell
5739STDY9266990_TACTTACAGCATCATC-1,Tcell
5739STDY9266990_TACTTGTCAAGAAGAG-1,Tcell
5739STDY9266990_TAGACCAAGAAGGTGA-1,Tcell
5739STDY9266990_TAGACCAGTTACGTCA-1,Tcell
5739STDY9266990_TAGAGCTAGACAAGCC-1,Tcell
5739STDY9266990_TAGAGCTCAGACGCAA-1,Tcell
5739STDY9266990_TAGTGGTCACTTGGAT-1,Tcell
5739STDY9266990_TATTACCCAATAGCAA-1,Tcell
5739STDY9266990_TCACGAAAGGAGTAGA-1,Tcell
5739STDY9266990_TCAGATGAGGGAACGG-1,Tcell
5739STDY9266990_TCATTACCAAAGGTGC-1,Tcell
5739STDY9266990_TCATTACCACCAACCG-1,Tcell
5739STDY9266990_TCCCGATCACTACAGT-1,Tcell
5739STDY9266990_TCGGTAAGTAGCGATG-1,Tcell
5739STDY9266990_TCGGTAAGTCGGATCC-1,Tcell
5739STDY9266990_TCTATTGCATACGCCG-1,Tcell
5739STDY9266990_TCTATTGTCACGAAGG-1,Tcell
5739STDY9266990_TCTCATAAGTAGGTGC-1,Tcell
5739STDY9266990_TCTGGAAAGAGACTAT-1,Tcell
5739STDY9266990_TCTTCGGGTTGAACTC-1,Tcell
5739STDY9266990_TCTTCGGTCGTTACAG-1,Tcell
5739STDY9266990_TGAAAGAAGCAGACTG-1,Tcell
5739STDY9266990_TGAGGGACATAAAGGT-1,Tcell
5739STDY9266990_TGAGGGATCTTGAGAC-1,Tcell
5739STDY9266990_TGATTTCTCCAAAGTC-1,Tcell
5739STDY9266990_TGCCCATGTACTTAGC-1,Tcell
5739STDY9266990_TGCGGGTGTCTGATTG-1,Tcell
5739STDY9266990_TGGCCAGCAGGTGCCT-1,Tcell
5739STDY9266990_TGGCCAGGTAGAGGAA-1,Tcell
5739STDY9266990_TGGTTAGTCTTGTCAT-1,Tcell
5739STDY9266990_TGGTTCCGTCCAGTAT-1,Tcell
5739STDY9266990_TTAGGCAGTGAGGCTA-1,Tcell
5739STDY9266990_TTAGTTCCACATCTTT-1,Tcell
5739STDY9266990_TTATGCTCATCTCGCT-1,Tcell
5739STDY9266990_TTCCCAGTCAGATAAG-1,Tcell
5739STDY9266990_TTCCCAGTCGTATCAG-1,Tcell
5739STDY9266990_TTCTACACATGCCTAA-1,Tcell
5739STDY9266990_TTCTACATCGTACGGC-1,Tcell
5739STDY9266990_TTCTCAATCAGCTCTC-1,Tcell
5739STDY9266990_TTCTCCTAGCCGATTT-1,Tcell
5739STDY9266990_TTCTCCTTCTCCTATA-1,Tcell
5739STDY9266990_TTCTTAGTCTCTTGAT-1,Tcell
5739STDY9266990_TTGAACGAGATTACCC-1,Tcell
5739STDY9266990_TTGACTTAGATAGGAG-1,Tcell
5739STDY9266990_TTGCCGTCAGACGCCT-1,Tcell
5739STDY9266990_TTGCCGTCATCCTAGA-1,Tcell
5739STDY9266990_TTGTAGGAGAAAGTGG-1,Tcell
5739STDY9266990_TTGTAGGCAGGATCGA-1,Tcell
5739STDY9266990_TTTACTGCATGGTCTA-1,Tcell
5739STDY9266990_TTTATGCAGTACGATA-1,Tcell
5739STDY9266990_TTTGGTTAGTACGTTC-1,Tcell
5739STDY9266990_TTTGTCAAGAGTACCG-1,Tcell
5739STDY9266990_TTTGTCAGTGTCAATC-1,Tcell
5739STDY9266990_TTTGTCATCGCGGATC-1,Tcell
5739STDY9266990_AACTCTTGTGATGCCC-1,Epi
5739STDY9266990_GACACGCTCTGGTGTA-1,Epi
5739STDY9266990_GATCGATCACTTACGA-1,Epi
5739STDY9266990_TAGTTGGTCTGTTGAG-1,Epi
5739STDY9266990_TGCTACCAGTGCCATT-1,Epi
5739STDY9266990_AAAGTAGCAGATCTGT-1,Monocyte
5739STDY9266990_AACCATGGTACTTGAC-1,Macrophage
5739STDY9266990_AACTCCCTCTACTATC-1,Monocyte
5739STDY9266990_AACTGGTCACGAGGTA-1,Monocyte
5739STDY9266990_AACTTTCAGGTTCCTA-1,Macrophage
5739STDY9266990_AAGCCGCTCAGGCCCA-1,Monocyte
5739STDY9266990_AAGGCAGCACAGTCGC-1,Monocyte
5739STDY9266990_AAGGTTCGTTCAGACT-1,Macrophage
5739STDY9266990_AAGTCTGTCAGAAATG-1,Macrophage
5739STDY9266990_AATCCAGTCGCCAGCA-1,Monocyte
5739STDY9266990_AATCGGTTCTCGATGA-1,Monocyte
5739STDY9266990_ACACCGGAGCGTTGCC-1,Macrophage
5739STDY9266990_ACATCAGTCAGTTGAC-1,Monocyte
5739STDY9266990_ACCAGTAGTTGGTTTG-1,Macrophage
5739STDY9266990_ACCGTAATCCGCAAGC-1,Macrophage
5739STDY9266990_ACGAGGACATTACCTT-1,Monocyte
5739STDY9266990_ACGAGGAGTAGGCTGA-1,Monocyte
5739STDY9266990_ACGAGGAGTTTCGCTC-1,Macrophage
5739STDY9266990_ACGCAGCTCTTGCCGT-1,Macrophage
5739STDY9266990_ACGCCAGCACCAGGTC-1,Monocyte
5739STDY9266990_ACGCCGACATGCCACG-1,DC
5739STDY9266990_ACGGGCTAGCACAGGT-1,Macrophage
5739STDY9266990_ACGGGCTCAGCCAATT-1,Monocyte
5739STDY9266990_ACGGGTCTCTTAACCT-1,Monocyte
5739STDY9266990_ACTGCTCGTATTAGCC-1,Monocyte
5739STDY9266990_ACTGTCCTCACAACGT-1,Monocyte
5739STDY9266990_ACTTACTGTGGCGAAT-1,Monocyte
5739STDY9266990_AGACGTTTCACATAGC-1,Macrophage
5739STDY9266990_AGAGTGGAGCTGCAAG-1,Macrophage
5739STDY9266990_AGATTGCAGCAAATCA-1,Macrophage
5739STDY9266990_AGATTGCAGGAGCGTT-1,Monocyte
5739STDY9266990_AGCGGTCGTAGCAAAT-1,Macrophage
5739STDY9266990_AGGTCATTCAAACGGG-1,Monocyte
5739STDY9266990_AGGTCCGAGGATGGTC-1,Monocyte
5739STDY9266990_AGTAGTCAGATGGGTC-1,DC
5739STDY9266990_AGTAGTCTCCTTTACA-1,Monocyte
5739STDY9266990_AGTCTTTTCCCTTGTG-1,Monocyte
5739STDY9266990_AGTCTTTTCTAGAGTC-1,Monocyte
5739STDY9266990_AGTGGGAAGATATACG-1,Monocyte
5739STDY9266990_AGTGGGAAGGGTTTCT-1,DC
5739STDY9266990_AGTTGGTCATCCCATC-1,Monocyte
5739STDY9266990_ATAAGAGAGCCAACAG-1,DC
5739STDY9266990_ATAAGAGGTCTGGAGA-1,Monocyte
5739STDY9266990_ATAGACCAGGTAGCCA-1,Macrophage
5739STDY9266990_ATAGACCGTAGATTAG-1,Macrophage
5739STDY9266990_ATCACGACAGCTCGAC-1,Macrophage
5739STDY9266990_ATCATGGAGGCCCTCA-1,Macrophage
5739STDY9266990_ATCATGGCAATCAGAA-1,Monocyte
5739STDY9266990_ATCATGGTCACCCGAG-1,Macrophage
5739STDY9266990_ATCGAGTCAAACTGCT-1,Macrophage
5739STDY9266990_ATCTACTGTTCAGACT-1,Macrophage
5739STDY9266990_ATCTGCCGTGAGGGAG-1,Monocyte
5739STDY9266990_ATGCGATCAGTATAAG-1,Monocyte
5739STDY9266990_ATTACTCCAGTGACAG-1,Macrophage
5739STDY9266990_ATTACTCCATAGAAAC-1,Monocyte
5739STDY9266990_ATTATCCCACCAACCG-1,Monocyte
5739STDY9266990_ATTGGACTCCTAAGTG-1,Monocyte
5739STDY9266990_CAAGATCGTAGCCTCG-1,Macrophage
5739STDY9266990_CAAGGCCTCTGACCTC-1,Monocyte
5739STDY9266990_CACACCTTCCAAAGTC-1,Monocyte
5739STDY9266990_CACATTTAGTACACCT-1,Bcell
5739STDY9266990_CACCAGGGTTTGTTTC-1,Macrophage
5739STDY9266990_CAGAATCTCAGCGACC-1,Macrophage
5739STDY9266990_CAGAATCTCCGCGCAA-1,Bcell
5739STDY9266990_CAGAGAGAGTTTCCTT-1,Macrophage
5739STDY9266990_CAGCAGCAGATAGCAT-1,Monocyte
5739STDY9266990_CAGCAGCAGATGGGTC-1,Monocyte
5739STDY9266990_CAGCAGCAGTATCTCG-1,Macrophage
5739STDY9266990_CAGCAGCGTACTTAGC-1,Macrophage
5739STDY9266990_CAGCATACACCGAATT-1,Monocyte
5739STDY9266990_CAGTCCTAGCCACGTC-1,Monocyte
5739STDY9266990_CATCAAGAGTGGCACA-1,Macrophage
5739STDY9266990_CATCAAGCAGATTGCT-1,Macrophage
5739STDY9266990_CATCAAGCATACTCTT-1,Monocyte
5739STDY9266990_CATCCACCACGAAATA-1,Monocyte
5739STDY9266990_CATGACACATACTCTT-1,Macrophage
5739STDY9266990_CATGACAGTTGGACCC-1,Monocyte
5739STDY9266990_CATGGCGTCTCGCATC-1,Monocyte
5739STDY9266990_CCAATCCTCTGAAAGA-1,DC
5739STDY9266990_CCACCTACACCGTTGG-1,Monocyte
5739STDY9266990_CCACCTAGTCCCTTGT-1,Monocyte
5739STDY9266990_CCAGCGAAGACCTTTG-1,Monocyte
5739STDY9266990_CCAGCGACATCGGGTC-1,Macrophage
5739STDY9266990_CCATGTCGTCGCGGTT-1,Monocyte
5739STDY9266990_CCCAATCAGCTCCTCT-1,Macrophage
5739STDY9266990_CCCATACGTTCGTTGA-1,Macrophage
5739STDY9266990_CCCTCCTCATAACCTG-1,Monocyte
5739STDY9266990_CCGGTAGTCGGTGTCG-1,Macrophage
5739STDY9266990_CCGTACTTCAGTTAGC-1,Monocyte
5739STDY9266990_CCGTTCAAGAATTGTG-1,Monocyte
5739STDY9266990_CCGTTCATCAGAGACG-1,Macrophage
5739STDY9266990_CCTACACCATAACCTG-1,Macrophage
5739STDY9266990_CCTACCACATTCTTAC-1,Monocyte
5739STDY9266990_CCTTACGCAATGAAAC-1,Monocyte
5739STDY9266990_CCTTACGCACGACGAA-1,Monocyte
5739STDY9266990_CCTTCCCTCATTATCC-1,Monocyte
5739STDY9266990_CCTTCCCTCCACGCAG-1,Monocyte
5739STDY9266990_CCTTCCCTCGTTGACA-1,Monocyte
5739STDY9266990_CCTTCGAGTTCCACTC-1,Macrophage
5739STDY9266990_CGAACATAGTTACGGG-1,Monocyte
5739STDY9266990_CGAACATCAACCGCCA-1,Macrophage
5739STDY9266990_CGAACATCATAACCTG-1,Macrophage
5739STDY9266990_CGAATGTGTCACCCAG-1,DC
5739STDY9266990_CGATCGGTCCCGGATG-1,Monocyte
5739STDY9266990_CGCTATCCAAGCGCTC-1,Monocyte
5739STDY9266990_CGCTATCTCCGAACGC-1,Monocyte
5739STDY9266990_CGGACTGGTACAGCAG-1,Macrophage
5739STDY9266990_CGGAGCTAGAGTCTGG-1,Macrophage
5739STDY9266990_CGGAGCTAGCCTCGTG-1,Macrophage
5739STDY9266990_CGGCTAGTCGTCTGAA-1,DC
5739STDY9266990_CGTAGCGGTTCCGGCA-1,Monocyte
5739STDY9266990_CGTCACTCAATGAATG-1,Macrophage
5739STDY9266990_CGTCCATGTTATGCGT-1,Monocyte
5739STDY9266990_CGTGAGCAGATCCCAT-1,Monocyte
5739STDY9266990_CGTGTCTAGTGACATA-1,Macrophage
5739STDY9266990_CGTTCTGGTATATGGA-1,Monocyte
5739STDY9266990_CGTTGGGAGCCCTAAT-1,Monocyte
5739STDY9266990_CTAAGACGTACCGCTG-1,Monocyte
5739STDY9266990_CTACACCAGTACGTAA-1,Monocyte
5739STDY9266990_CTACACCGTACGACCC-1,DC
5739STDY9266990_CTACACCGTATATGAG-1,Macrophage
5739STDY9266990_CTACATTGTCTAACGT-1,Macrophage
5739STDY9266990_CTAGAGTAGCAGCCTC-1,Monocyte
5739STDY9266990_CTAGAGTGTTACGGAG-1,Monocyte
5739STDY9266990_CTCGAAACAATCTGCA-1,Monocyte
5739STDY9266990_CTCGTCATCCACGTGG-1,Monocyte
5739STDY9266990_CTCTAATTCGTTACGA-1,Macrophage
5739STDY9266990_CTCTGGTCAAACGTGG-1,DC
5739STDY9266990_CTGAAACCAGACGCCT-1,Monocyte
5739STDY9266990_CTGAAACTCCGTAGGC-1,Macrophage
5739STDY9266990_CTGATAGCATCACCCT-1,Monocyte
5739STDY9266990_CTGATAGGTGTGAAAT-1,Macrophage
5739STDY9266990_CTGATCCAGCTGAACG-1,Monocyte
5739STDY9266990_CTGATCCAGTGCAAGC-1,Monocyte
5739STDY9266990_CTGATCCGTCCAGTTA-1,Monocyte
5739STDY9266990_CTGCGGAAGATGAGAG-1,Monocyte
5739STDY9266990_CTGCTGTAGATGTTAG-1,Macrophage
5739STDY9266990_CTGGTCTGTGTTTGTG-1,Macrophage
5739STDY9266990_CTGTTTAGTCCATGAT-1,Macrophage
5739STDY9266990_CTGTTTATCAACGCTA-1,Bcell
5739STDY9266990_CTTACCGAGGATGGTC-1,Macrophage
5739STDY9266990_CTTACCGCAAGCGATG-1,Monocyte
5739STDY9266990_CTTAGGACACACAGAG-1,Monocyte
5739STDY9266990_CTTGGCTTCACATAGC-1,Macrophage
5739STDY9266990_CTTTGCGAGTGTCTCA-1,Monocyte
5739STDY9266990_CTTTGCGGTCGAGTTT-1,Monocyte
5739STDY9266990_CTTTGCGTCAGGCGAA-1,DC
5739STDY9266990_GAAACTCAGAAACGAG-1,Macrophage
5739STDY9266990_GAACATCAGTGAATTG-1,Monocyte
5739STDY9266990_GAACCTAAGATCTGAA-1,Macrophage
5739STDY9266990_GAATAAGCACAGGCCT-1,Monocyte
5739STDY9266990_GAATAAGCATACTACG-1,Monocyte
5739STDY9266990_GAATAAGGTTGTCGCG-1,Monocyte
5739STDY9266990_GAATAAGTCTCTAAGG-1,Monocyte
5739STDY9266990_GACAGAGGTTGGACCC-1,Macrophage
5739STDY9266990_GACCTGGCAGATCGGA-1,Monocyte
5739STDY9266990_GACGCGTAGAGTACCG-1,Monocyte
5739STDY9266990_GACGCGTAGCGTTCCG-1,Monocyte
5739STDY9266990_GACGGCTCAGGTCTCG-1,DC
5739STDY9266990_GACGGCTTCGTTTAGG-1,Macrophage
5739STDY9266990_GACGTGCAGAAGGTTT-1,Macrophage
5739STDY9266990_GACTAACGTCATATGC-1,Macrophage
5739STDY9266990_GATCAGTAGCCTTGAT-1,Monocyte
5739STDY9266990_GATCGATTCATCGCTC-1,DC
5739STDY9266990_GATCGTAGTGTAAGTA-1,Macrophage
5739STDY9266990_GATGAGGAGAAGGTTT-1,DC
5739STDY9266990_GATGAGGAGTCAAGGC-1,DC
5739STDY9266990_GATGAGGTCGACAGCC-1,DC
5739STDY9266990_GCAGTTACATGGTCAT-1,Monocyte
5739STDY9266990_GCATGTAAGAGCAATT-1,Macrophage
5739STDY9266990_GCCAAATAGAAGATTC-1,Macrophage
5739STDY9266990_GCGACCACAAGAAGAG-1,Monocyte
5739STDY9266990_GCGAGAAGTTGCCTCT-1,Monocyte
5739STDY9266990_GCGCAGTAGCTGAACG-1,DC
5739STDY9266990_GCGCAGTGTGGCGAAT-1,Monocyte
5739STDY9266990_GCTGCAGCATGGTCTA-1,Macrophage
5739STDY9266990_GCTGCAGGTTAAGATG-1,Monocyte
5739STDY9266990_GCTGCGACAATCTGCA-1,Macrophage
5739STDY9266990_GCTGCTTAGGCAGTCA-1,Monocyte
5739STDY9266990_GCTGCTTGTGACGCCT-1,Monocyte
5739STDY9266990_GCTGGGTAGAGGTTGC-1,Monocyte
5739STDY9266990_GGAAAGCGTTCGAATC-1,Macrophage
5739STDY9266990_GGAAAGCTCATGCTCC-1,Monocyte
5739STDY9266990_GGAAAGCTCCGCTGTT-1,Monocyte
5739STDY9266990_GGAATAATCAGAAATG-1,Monocyte
5739STDY9266990_GGACAAGGTTTGACTG-1,Macrophage
5739STDY9266990_GGACAGAGTTTGGCGC-1,Monocyte
5739STDY9266990_GGACATTGTCTCATCC-1,Monocyte
5739STDY9266990_GGACGTCAGAGCCCAA-1,Macrophage
5739STDY9266990_GGAGCAAGTGCCTGTG-1,Monocyte
5739STDY9266990_GGATGTTCAACTGCGC-1,Monocyte
5739STDY9266990_GGATTACGTCTTCGTC-1,Monocyte
5739STDY9266990_GGCGTGTCAAGGACAC-1,Macrophage
5739STDY9266990_GGGAATGAGCCAGGAT-1,Macrophage
5739STDY9266990_GGGAATGTCAGTTCGA-1,DC
5739STDY9266990_GGGATGAAGAAAGTGG-1,Macrophage
5739STDY9266990_GGGCATCAGAAGGCCT-1,Monocyte
5739STDY9266990_GGTATTGCAGTTAACC-1,Monocyte
5739STDY9266990_GGTGAAGAGAAACCAT-1,Macrophage
5739STDY9266990_GGTGAAGGTGTGAAAT-1,Monocyte
5739STDY9266990_GGTGCGTGTCGAAAGC-1,DC
5739STDY9266990_GGTGTTAAGGACAGAA-1,Macrophage
5739STDY9266990_GGTGTTATCGACCAGC-1,Macrophage
5739STDY9266990_GTAACTGAGATACACA-1,Macrophage
5739STDY9266990_GTACTCCCAGTCGATT-1,Macrophage
5739STDY9266990_GTACTTTCATCCAACA-1,Monocyte
5739STDY9266990_GTAGTCAGTCCTCTTG-1,DC
5739STDY9266990_GTATCTTCACGTTGGC-1,Macrophage
5739STDY9266990_GTCACGGCAGCTGTTA-1,Monocyte
5739STDY9266990_GTCATTTCACGGCCAT-1,Macrophage
5739STDY9266990_GTCGTAAGTGCATCTA-1,Macrophage
5739STDY9266990_GTGAAGGAGCAGGCTA-1,Monocyte
5739STDY9266990_GTGAAGGCAATCTGCA-1,Monocyte
5739STDY9266990_GTGAAGGCAGACTCGC-1,Monocyte
5739STDY9266990_GTGCGGTAGGCCCTTG-1,Monocyte
5739STDY9266990_GTGCTTCGTTAAGAAC-1,Monocyte
5739STDY9266990_GTGTGCGAGCGATGAC-1,Macrophage
5739STDY9266990_GTTAAGCGTACCGTTA-1,Macrophage
5739STDY9266990_GTTCATTCACTGTGTA-1,DC
5739STDY9266990_GTTCTCGGTCATGCAT-1,Monocyte
5739STDY9266990_TAAACCGCAGGTCGTC-1,Monocyte
5739STDY9266990_TACGGGCAGGCCGAAT-1,Macrophage
5739STDY9266990_TACGGGCAGTGAAGAG-1,Macrophage
5739STDY9266990_TACGGTATCACGAAGG-1,Monocyte
5739STDY9266990_TACTCATTCTTTACAC-1,Macrophage
5739STDY9266990_TACTCGCGTACTCTCC-1,Macrophage
5739STDY9266990_TACTCGCGTTCCCTTG-1,DC
5739STDY9266990_TACTTACCACTTCTGC-1,DC
5739STDY9266990_TACTTACTCAGGCGAA-1,Monocyte
5739STDY9266990_TAGACCAAGGCGACAT-1,Monocyte
5739STDY9266990_TAGACCACAAGGACAC-1,Monocyte
5739STDY9266990_TAGAGCTAGATAGTCA-1,Monocyte
5739STDY9266990_TAGTGGTAGAGGTTGC-1,Monocyte
5739STDY9266990_TAGTGGTAGATTACCC-1,Macrophage
5739STDY9266990_TAGTGGTTCACAGTAC-1,Macrophage
5739STDY9266990_TATCAGGCAGCCAGAA-1,Macrophage
5739STDY9266990_TATCTCAGTAGCGTCC-1,Monocyte
5739STDY9266990_TATGCCCAGGCTCATT-1,Monocyte
5739STDY9266990_TCAACGAAGTATTGGA-1,Monocyte
5739STDY9266990_TCAACGAAGTGAACGC-1,Monocyte
5739STDY9266990_TCAACGATCCGAAGAG-1,Macrophage
5739STDY9266990_TCAATCTTCTCGATGA-1,Macrophage
5739STDY9266990_TCAGCAAAGATGCCTT-1,Monocyte
5739STDY9266990_TCAGGTACAATGTTGC-1,Macrophage
5739STDY9266990_TCCCGATAGTACCGGA-1,Monocyte
5739STDY9266990_TCGCGTTTCATTCACT-1,DC
5739STDY9266990_TCGGGACAGGTGATAT-1,Macrophage
5739STDY9266990_TCGGGACCACGACTCG-1,Monocyte
5739STDY9266990_TCGTACCTCAGCGACC-1,Monocyte
5739STDY9266990_TCGTACCTCGTTACGA-1,Macrophage
5739STDY9266990_TCTGGAACAGGGTTAG-1,Macrophage
5739STDY9266990_TCTGGAAGTTACGGAG-1,Bcell
5739STDY9266990_TCTTTCCCACTATCTT-1,Monocyte
5739STDY9266990_TGACGGCGTAAACGCG-1,Monocyte
5739STDY9266990_TGACTTTAGTACGCGA-1,Macrophage
5739STDY9266990_TGATTTCTCGGAGGTA-1,Macrophage
5739STDY9266990_TGCACCTGTACAAGTA-1,Macrophage
5739STDY9266990_TGCCCATGTGAGTATA-1,Macrophage
5739STDY9266990_TGCCCTAAGTCCGTAT-1,Macrophage
5739STDY9266990_TGCCCTACATGCTGGC-1,Macrophage
5739STDY9266990_TGCGCAGAGGCATTGG-1,Monocyte
5739STDY9266990_TGCTACCAGCTAGGCA-1,DC
5739STDY9266990_TGCTACCCAGGCTCAC-1,Macrophage
5739STDY9266990_TGCTGCTGTAGCACGA-1,Macrophage
5739STDY9266990_TGGCGCAAGCTAAACA-1,Monocyte
5739STDY9266990_TGGCGCACACGTTGGC-1,Macrophage
5739STDY9266990_TGGCTGGGTCGAATCT-1,Macrophage
5739STDY9266990_TGGTTAGTCTACGAGT-1,Macrophage
5739STDY9266990_TGTGGTAAGTAGGCCA-1,Monocyte
5739STDY9266990_TGTGGTATCTCTGAGA-1,Monocyte
5739STDY9266990_TTAACTCAGCTGATAA-1,Monocyte
5739STDY9266990_TTAGGCAGTCGAGTTT-1,DC
5739STDY9266990_TTAGTTCGTGTTTGGT-1,Monocyte
5739STDY9266990_TTCTCCTAGAGCTGCA-1,Monocyte
5739STDY9266990_TTCTCCTAGTGTTTGC-1,Monocyte
5739STDY9266990_TTCTTAGAGTTGCAGG-1,Monocyte
5739STDY9266990_TTGCCGTTCACGACTA-1,Monocyte
5739STDY9266990_TTGGCAAGTCCGAATT-1,Monocyte
5739STDY9266990_TTGGCAATCCCTGACT-1,Monocyte
5739STDY9266990_TTGTAGGAGCCAGTTT-1,Monocyte
5739STDY9266990_TTTATGCTCCTAGGGC-1,Macrophage
5739STDY9266990_TTTATGCTCTACTCAT-1,DC
5739STDY9266990_TTTCCTCCATCCCATC-1,Monocyte
5739STDY9266990_TTTGTCAAGTCGATAA-1,Monocyte
5739STDY9266990_AAACGGGAGATAGCAT-1,NKcell
5739STDY9266990_AAACGGGTCCGAACGC-1,NKcell
5739STDY9266990_AAAGTAGGTAAGGGAA-1,NKcell
5739STDY9266990_AACCATGCACCAGATT-1,NKcell
5739STDY9266990_AACTCAGGTCAGATAA-1,NKcell
5739STDY9266990_AACTCAGGTGATGATA-1,NKcell
5739STDY9266990_AACTCAGGTTACCGAT-1,NKcell
5739STDY9266990_AACTCTTGTCAATGTC-1,NKcell
5739STDY9266990_AAGCCGCTCTCCAACC-1,NKcell
5739STDY9266990_AAGTCTGGTGATAAAC-1,NKcell
5739STDY9266990_AATCGGTGTACATCCA-1,NKcell
5739STDY9266990_ACACCAACACTCTGTC-1,NKcell
5739STDY9266990_ACACCAACACTGAAGG-1,Tcell
5739STDY9266990_ACACTGACATGGTCAT-1,NKcell
5739STDY9266990_ACAGCCGCATGGGACA-1,NKcell
5739STDY9266990_ACCCACTAGTAGGCCA-1,NKcell
5739STDY9266990_ACCCACTTCCTTTACA-1,NKcell
5739STDY9266990_ACCGTAAAGCATGGCA-1,NKcell
5739STDY9266990_ACGCAGCAGATTACCC-1,NKcell
5739STDY9266990_ACGCAGCCAGTCACTA-1,NKcell
5739STDY9266990_ACGCCAGTCTTTAGGG-1,NKcell
5739STDY9266990_ACGCCGATCCGAAGAG-1,Tcell
5739STDY9266990_ACGGAGACAAGCCTAT-1,NKcell
5739STDY9266990_ACTATCTGTCAGAATA-1,NKcell
5739STDY9266990_ACTATCTGTTCATGGT-1,NKcell
5739STDY9266990_ACTGTCCCAATGAATG-1,NKcell
5739STDY9266990_AGAATAGGTAGTACCT-1,NKcell
5739STDY9266990_AGACGTTGTTAAAGTG-1,NKcell
5739STDY9266990_AGCCTAAGTATATGGA-1,Tcell
5739STDY9266990_AGCCTAATCGGTCTAA-1,NKcell
5739STDY9266990_AGCGGTCTCTAACTCT-1,NKcell
5739STDY9266990_AGCTCTCTCCTTTCTC-1,NKcell
5739STDY9266990_AGCTCTCTCTAAGCCA-1,NKcell
5739STDY9266990_AGCTTGATCTGTTGAG-1,NKcell
5739STDY9266990_AGGCCACAGTGTACTC-1,NKcell
5739STDY9266990_AGGCCACGTCATATCG-1,NKcell
5739STDY9266990_AGGTCATTCCGAATGT-1,NKcell
5739STDY9266990_AGGTCCGGTGGCGAAT-1,NKcell
5739STDY9266990_AGTAGTCAGAGAACAG-1,NKcell
5739STDY9266990_AGTCTTTAGTGACATA-1,NKcell
5739STDY9266990_AGTGAGGAGAGCAATT-1,NKcell
5739STDY9266990_AGTGGGAGTAGGCTGA-1,NKcell
5739STDY9266990_AGTTGGTCAAGGTTCT-1,NKcell
5739STDY9266990_ATAACGCAGACGCTTT-1,NKcell
5739STDY9266990_ATCACGAGTTTACTCT-1,NKcell
5739STDY9266990_ATCACGATCGCAAGCC-1,NKcell
5739STDY9266990_ATCATCTTCATATCGG-1,NKcell
5739STDY9266990_ATCCACCCAGTTAACC-1,NKcell
5739STDY9266990_ATCCGAATCTTGACGA-1,NKcell
5739STDY9266990_ATTACTCAGAAACCTA-1,NKcell
5739STDY9266990_ATTACTCGTCTTCAAG-1,NKcell
5739STDY9266990_CAACCAACAGGAATGC-1,NKcell
5739STDY9266990_CAACCTCCACAACGTT-1,NKcell
5739STDY9266990_CAACCTCCAGTTCCCT-1,NKcell
5739STDY9266990_CAACTAGAGGTTACCT-1,NKcell
5739STDY9266990_CAAGATCCAAGTTAAG-1,NKcell
5739STDY9266990_CAAGGCCGTTGTTTGG-1,NKcell
5739STDY9266990_CAAGTTGAGTCAATAG-1,NKcell
5739STDY9266990_CACACCTTCCTAGGGC-1,NKcell
5739STDY9266990_CACAGGCAGAGCTGCA-1,Tcell
5739STDY9266990_CACAGTAAGTATCTCG-1,NKcell
5739STDY9266990_CACAGTATCAACCATG-1,NKcell
5739STDY9266990_CACATAGTCCGCGTTT-1,NKcell
5739STDY9266990_CACATTTCAAGCTGTT-1,NKcell
5739STDY9266990_CACCTTGGTTACTGAC-1,NKcell
5739STDY9266990_CACCTTGGTTCGCTAA-1,NKcell
5739STDY9266990_CAGAATCCATGTCCTC-1,NKcell
5739STDY9266990_CAGCAGCGTGATAAGT-1,NKcell
5739STDY9266990_CAGCATAGTCTAGAGG-1,NKcell
5739STDY9266990_CAGCTAATCCAAGTAC-1,NKcell
5739STDY9266990_CAGGTGCCAAGCGATG-1,NKcell
5739STDY9266990_CAGGTGCCAATGAAAC-1,Tcell
5739STDY9266990_CAGTAACTCCGCGGTA-1,NKcell
5739STDY9266990_CATCGGGAGTCTCAAC-1,NKcell
5739STDY9266990_CATGACAAGGTGATTA-1,NKcell
5739STDY9266990_CATTATCAGACTTGAA-1,NKcell
5739STDY9266990_CATTATCGTGATGTGG-1,NKcell
5739STDY9266990_CCACTACGTGTCTGAT-1,NKcell
5739STDY9266990_CCGTACTGTCGAATCT-1,NKcell
5739STDY9266990_CCTCTGAAGCCAACAG-1,NKcell
5739STDY9266990_CCTCTGAAGTCCATAC-1,NKcell
5739STDY9266990_CCTCTGATCTCAAGTG-1,NKcell
5739STDY9266990_CCTTCCCTCCTCATTA-1,NKcell
5739STDY9266990_CCTTTCTTCACGGTTA-1,NKcell
5739STDY9266990_CGAGAAGAGGATGGTC-1,NKcell
5739STDY9266990_CGAGCCAAGACAGAGA-1,NKcell
5739STDY9266990_CGAGCCAAGGCCCGTT-1,NKcell
5739STDY9266990_CGATGTAGTAGCACGA-1,NKcell
5739STDY9266990_CGCGTTTGTGAAATCA-1,NKcell
5739STDY9266990_CGGACACAGTAGATGT-1,NKcell
5739STDY9266990_CGGACGTTCCTTTCGG-1,NKcell
5739STDY9266990_CGGACTGCATCGATTG-1,NKcell
5739STDY9266990_CGGAGCTAGAGTAATC-1,NKcell
5739STDY9266990_CGGTTAACAGTGACAG-1,NKcell
5739STDY9266990_CGTAGCGAGGTTACCT-1,NKcell
5739STDY9266990_CGTCAGGAGCTGCGAA-1,NKcell
5739STDY9266990_CGTCAGGGTACATCCA-1,NKcell
5739STDY9266990_CGTTCTGTCCGAGCCA-1,NKcell
5739STDY9266990_CTAAGACCAATCAGAA-1,NKcell
5739STDY9266990_CTACACCTCATAGCAC-1,NKcell
5739STDY9266990_CTACATTAGCTGATAA-1,NKcell
5739STDY9266990_CTACGTCCATCGATTG-1,NKcell
5739STDY9266990_CTCGTACAGCTAAGAT-1,NKcell
5739STDY9266990_CTCTAATAGTGTTTGC-1,NKcell
5739STDY9266990_CTCTAATGTCCTAGCG-1,NKcell
5739STDY9266990_CTCTACGAGATCCCAT-1,Tcell
5739STDY9266990_CTGCCTAGTGACCAAG-1,NKcell
5739STDY9266990_CTGTGCTTCTTGTTTG-1,NKcell
5739STDY9266990_CTTAACTTCATGTGGT-1,NKcell
5739STDY9266990_CTTCTCTGTACTTGAC-1,NKcell
5739STDY9266990_CTTTGCGGTCCGTTAA-1,NKcell
5739STDY9266990_GAAATGAAGTTGTCGT-1,NKcell
5739STDY9266990_GAACATCAGCAGACTG-1,NKcell
5739STDY9266990_GAACATCGTCTGATTG-1,NKcell
5739STDY9266990_GAACCTAAGGAATTAC-1,NKcell
5739STDY9266990_GACGGCTCAGGAACGT-1,NKcell
5739STDY9266990_GACTAACTCCTCTAGC-1,NKcell
5739STDY9266990_GACTACAAGACCTTTG-1,NKcell
5739STDY9266990_GACTACATCCATTCTA-1,NKcell
5739STDY9266990_GAGTCCGCACCAGTTA-1,NKcell
5739STDY9266990_GATCAGTGTGGGTATG-1,NKcell
5739STDY9266990_GATCGTAAGAATGTGT-1,NKcell
5739STDY9266990_GATGCTATCCTTCAAT-1,NKcell
5739STDY9266990_GCAAACTGTTCAGTAC-1,NKcell
5739STDY9266990_GCACATACACGGACAA-1,NKcell
5739STDY9266990_GCACATATCATGTCCC-1,NKcell
5739STDY9266990_GCACTCTCAGTTTACG-1,NKcell
5739STDY9266990_GCAGCCAGTGGTAACG-1,NKcell
5739STDY9266990_GCATGATAGTGAACAT-1,NKcell
5739STDY9266990_GCCAAATAGCACCGTC-1,NKcell
5739STDY9266990_GCGAGAATCGGCTTGG-1,NKcell
5739STDY9266990_GCGAGAATCTAACCGA-1,NKcell
5739STDY9266990_GCGCAGTCAGTGAGTG-1,NKcell
5739STDY9266990_GCGCAGTTCAGCGACC-1,NKcell
5739STDY9266990_GCGCCAAAGCCAGTAG-1,NKcell
5739STDY9266990_GCTCCTATCATGTCTT-1,NKcell
5739STDY9266990_GCTGCTTGTGTTTGGT-1,NKcell
5739STDY9266990_GCTGCTTTCAACACGT-1,NKcell
5739STDY9266990_GGAAAGCTCCTCTAGC-1,NKcell
5739STDY9266990_GGAATAATCACTCCTG-1,NKcell
5739STDY9266990_GGAATAATCGCCAAAT-1,NKcell
5739STDY9266990_GGACAAGTCTGATTCT-1,NKcell
5739STDY9266990_GGACAGACATTCACTT-1,NKcell
5739STDY9266990_GGACGTCAGTTTGCGT-1,NKcell
5739STDY9266990_GGAGCAAAGGGTTTCT-1,NKcell
5739STDY9266990_GGATTACAGATGTTAG-1,NKcell
5739STDY9266990_GGATTACCACGAAATA-1,NKcell
5739STDY9266990_GGATTACGTGAGTATA-1,NKcell
5739STDY9266990_GGCTGGTCAATGTAAG-1,NKcell
5739STDY9266990_GGGAGATCAATGAAAC-1,NKcell
5739STDY9266990_GGGATGAGTACCCAAT-1,NKcell
5739STDY9266990_GGGCATCAGAGGGCTT-1,NKcell
5739STDY9266990_GGGCATCCAATTGCTG-1,NKcell
5739STDY9266990_GTAACGTGTCAGAATA-1,NKcell
5739STDY9266990_GTACTCCGTCTGATCA-1,NKcell
5739STDY9266990_GTATCTTAGGAGTAGA-1,NKcell
5739STDY9266990_GTATCTTGTAAGAGAG-1,NKcell
5739STDY9266990_GTCAAGTTCACTTCAT-1,Tcell
5739STDY9266990_GTCACAACACAGGCCT-1,NKcell
5739STDY9266990_GTCATTTGTCGTCTTC-1,NKcell
5739STDY9266990_GTCCTCACAAATTGCC-1,NKcell
5739STDY9266990_GTCGGGTCAAAGTCAA-1,NKcell
5739STDY9266990_GTGGGTCTCCCTAACC-1,NKcell
5739STDY9266990_GTGTTAGTCTCTGAGA-1,NKcell
5739STDY9266990_GTTAAGCGTAAACCTC-1,NKcell
5739STDY9266990_GTTCTCGGTGTCCTCT-1,NKcell
5739STDY9266990_GTTTCTACAATCGGTT-1,NKcell
5739STDY9266990_TAAACCGAGATATACG-1,NKcell
5739STDY9266990_TAAGCGTTCTCTAAGG-1,NKcell
5739STDY9266990_TACGGTACACATGACT-1,NKcell
5739STDY9266990_TACTTGTTCCTACAGA-1,NKcell
5739STDY9266990_TAGGCATGTATCGCAT-1,NKcell
5739STDY9266990_TAGGCATTCGCTTAGA-1,NKcell
5739STDY9266990_TATCAGGAGGCATTGG-1,Tcell
5739STDY9266990_TATCAGGGTTAGGGTG-1,NKcell
5739STDY9266990_TATCTCAAGGAGTTTA-1,NKcell
5739STDY9266990_TATGCCCGTGACGCCT-1,NKcell
5739STDY9266990_TATGCCCTCAAGGCTT-1,NKcell
5739STDY9266990_TATTACCAGTAACCCT-1,NKcell
5739STDY9266990_TATTACCCATGGGAAC-1,NKcell
5739STDY9266990_TCAATCTAGAGGGATA-1,NKcell
5739STDY9266990_TCACAAGCAGCGAACA-1,NKcell
5739STDY9266990_TCAGATGGTTAAGTAG-1,NKcell
5739STDY9266990_TCATTACCAAGTAATG-1,NKcell
5739STDY9266990_TCATTTGAGATCTGCT-1,NKcell
5739STDY9266990_TCATTTGGTACTCGCG-1,NKcell
5739STDY9266990_TCATTTGTCCGTAGTA-1,Tcell
5739STDY9266990_TCCACACCAGAAGCAC-1,NKcell
5739STDY9266990_TCCACACTCCCAGGTG-1,NKcell
5739STDY9266990_TCCACACTCGGATGGA-1,NKcell
5739STDY9266990_TCGCGAGGTCACCTAA-1,NKcell
5739STDY9266990_TCGGGACTCATTTGGG-1,NKcell
5739STDY9266990_TCGGTAACACGAGGTA-1,NKcell
5739STDY9266990_TCGTAGAAGTTCGATC-1,NKcell
5739STDY9266990_TCGTAGATCACGAAGG-1,NKcell
5739STDY9266990_TCTGAGAAGGCTACGA-1,NKcell
5739STDY9266990_TCTGGAATCAGTGCAT-1,NKcell
5739STDY9266990_TCTTTCCTCTGTACGA-1,NKcell
5739STDY9266990_TGAAAGATCAGTGCAT-1,NKcell
5739STDY9266990_TGACAACTCATAACCG-1,NKcell
5739STDY9266990_TGACAACTCCAGAGGA-1,NKcell
5739STDY9266990_TGAGCATCAACACCTA-1,NKcell
5739STDY9266990_TGCCCATGTCTAGAGG-1,NKcell
5739STDY9266990_TGCCCTATCATCGATG-1,NKcell
5739STDY9266990_TGCGCAGTCAGTTTGG-1,NKcell
5739STDY9266990_TGCGGGTCACCAGCAC-1,NKcell
5739STDY9266990_TGCTGCTGTACCGTTA-1,NKcell
5739STDY9266990_TGCTGCTGTTCGTTGA-1,NKcell
5739STDY9266990_TGGCCAGTCAGGCCCA-1,NKcell
5739STDY9266990_TGTATTCGTATGAATG-1,NKcell
5739STDY9266990_TGTGTTTAGGATGTAT-1,NKcell
5739STDY9266990_TTAGGACAGACAGAGA-1,NKcell
5739STDY9266990_TTAGTTCCAGTATGCT-1,NKcell
5739STDY9266990_TTCGGTCTCTCAACTT-1,NKcell
5739STDY9266990_TTCTACAAGATATACG-1,NKcell
5739STDY9266990_TTCTCAAAGAAACGCC-1,NKcell
5739STDY9266990_TTGAACGAGCAAATCA-1,NKcell
5739STDY9266990_TTGCCGTAGAGTACAT-1,NKcell
5739STDY9266990_TTGCCGTAGTTGAGAT-1,NKcell
5739STDY9266990_TTTACTGAGGAGTAGA-1,NKcell
5739STDY9266990_TTTGGTTCAACTTGAC-1,NKcell
5739STDY9266990_AAAGCAATCGAGGTAG-1,Epi
5739STDY9266990_AAAGTAGTCGGAGCAA-1,Epi
5739STDY9266990_AACACGTGTTGCCTCT-1,Epi
5739STDY9266990_AACGTTGCAAGCCCAC-1,Epi
5739STDY9266990_AAGACCTAGAGTACCG-1,Epi
5739STDY9266990_AAGGTTCGTCTGCAAT-1,Epi
5739STDY9266990_ACACCCTCACGTCTCT-1,Epi
5739STDY9266990_ACACCCTGTAAATGAC-1,Epi
5739STDY9266990_ACACTGAGTCTAAACC-1,Epi
5739STDY9266990_ACAGCCGAGGACATTA-1,Epi
5739STDY9266990_ACAGCCGGTAGCAAAT-1,Epi
5739STDY9266990_ACAGCCGGTCCCGACA-1,Epi
5739STDY9266990_ACCAGTACACTAGTAC-1,Epi
5739STDY9266990_ACCTTTACAAAGCAAT-1,Epi
5739STDY9266990_ACGAGCCCAGTCCTTC-1,Epi
5739STDY9266990_ACGATACTCTCCGGTT-1,Epi
5739STDY9266990_ACGCCAGGTTCCACAA-1,Epi
5739STDY9266990_ACGCCAGTCTTACCTA-1,Epi
5739STDY9266990_ACTGATGTCACCCTCA-1,Epi
5739STDY9266990_AGACGTTGTCAGAAGC-1,Epi
5739STDY9266990_AGAGCTTGTGGTTTCA-1,Epi
5739STDY9266990_AGATCTGTCGTGGGAA-1,Epi
5739STDY9266990_AGATTGCGTAGCTAAA-1,Epi
5739STDY9266990_AGCATACCATCGGACC-1,Epi
5739STDY9266990_AGCATACGTGTGGTTT-1,Epi
5739STDY9266990_AGCCTAATCACAATGC-1,Epi
5739STDY9266990_AGCGTCGCATATACCG-1,Epi
5739STDY9266990_AGCTCTCGTGTTCGAT-1,Epi
5739STDY9266990_AGCTCTCGTTCCTCCA-1,Epi
5739STDY9266990_AGGGAGTTCGCATGGC-1,Epi
5739STDY9266990_AGTGAGGCAATTCCTT-1,Epi
5739STDY9266990_ATCATGGCATCGGGTC-1,Epi
5739STDY9266990_ATCATGGGTACCGCTG-1,Epi
5739STDY9266990_ATCCGAATCCACTGGG-1,Epi
5739STDY9266990_ATCTACTCAGCCAGAA-1,Epi
5739STDY9266990_ATGTGTGGTCGCGTGT-1,Epi
5739STDY9266990_ATTTCTGAGTGACTCT-1,Epi
5739STDY9266990_CAAGGCCTCCGGCACA-1,Epi
5739STDY9266990_CAAGTTGCACCCAGTG-1,Epi
5739STDY9266990_CAAGTTGGTCGCATCG-1,Epi
5739STDY9266990_CAAGTTGGTCTAGGTT-1,Epi
5739STDY9266990_CAAGTTGTCCAAGCCG-1,Epi
5739STDY9266990_CAAGTTGTCTTGAGGT-1,Epi
5739STDY9266990_CACATTTTCTCCCTGA-1,Epi
5739STDY9266990_CACCACTCATGATCCA-1,Epi
5739STDY9266990_CACCAGGAGCCGGTAA-1,Epi
5739STDY9266990_CACTCCAAGTATTGGA-1,Epi
5739STDY9266990_CACTCCAGTCTCGTTC-1,Epi
5739STDY9266990_CAGAATCTCAGGCGAA-1,Epi
5739STDY9266990_CAGATCAGTTGTCTTT-1,Epi
5739STDY9266990_CAGCATAAGAATTGTG-1,Epi
5739STDY9266990_CAGCGACAGTGAACGC-1,Epi
5739STDY9266990_CAGCTGGGTGCGCTTG-1,Epi
5739STDY9266990_CAGTAACAGACACTAA-1,Epi
5739STDY9266990_CAGTCCTGTCTCAACA-1,Epi
5739STDY9266990_CAGTCCTTCCTTGCCA-1,Epi
5739STDY9266990_CATATGGCAGACGCCT-1,Epi
5739STDY9266990_CATCAAGGTACAGTTC-1,Epi
5739STDY9266990_CATCGAATCCACGTGG-1,Epi
5739STDY9266990_CATGCCTCATGACGGA-1,Epi
5739STDY9266990_CATGCCTGTTACCGAT-1,Epi
5739STDY9266990_CCAATCCAGTAACCCT-1,Epi
5739STDY9266990_CCACCTACAGTCTTCC-1,Epi
5739STDY9266990_CCACCTAGTCTAAACC-1,Epi
5739STDY9266990_CCACGGAAGTGTACCT-1,Epi
5739STDY9266990_CCCAGTTTCGTCTGAA-1,Epi
5739STDY9266990_CCGTTCACACTTACGA-1,Epi
5739STDY9266990_CCTCTGAAGAGATGAG-1,Epi
5739STDY9266990_CCTCTGAAGAGTACAT-1,Epi
5739STDY9266990_CGAATGTCATGTAGTC-1,Epi
5739STDY9266990_CGATTGACATCCAACA-1,Epi
5739STDY9266990_CGCGTTTAGACTGGGT-1,Epi
5739STDY9266990_CGCTATCCAAGGGTCA-1,Epi
5739STDY9266990_CGCTATCTCAGTCCCT-1,Epi
5739STDY9266990_CGGACGTGTACCATCA-1,Epi
5739STDY9266990_CGGACTGTCAGGCGAA-1,Epi
5739STDY9266990_CGGAGTCGTATTAGCC-1,Epi
5739STDY9266990_CGGCTAGCAAGTAGTA-1,Epi
5739STDY9266990_CGGGTCAAGAGAACAG-1,Epi
5739STDY9266990_CGTAGCGAGCCACGCT-1,Epi
5739STDY9266990_CTAGTGAAGTCGTACT-1,Epi
5739STDY9266990_CTCGAGGTCCCTTGCA-1,Epi
5739STDY9266990_CTCGTCATCTACTATC-1,Epi
5739STDY9266990_CTCTGGTCACGACTCG-1,Epi
5739STDY9266990_CTGATCCTCGTTTATC-1,Epi
5739STDY9266990_CTGCTGTTCTCGTATT-1,Epi
5739STDY9266990_CTGGTCTGTCTCTTAT-1,Epi
5739STDY9266990_CTGTTTAAGTTTGCGT-1,Epi
5739STDY9266990_CTGTTTATCCGCAAGC-1,Epi
5739STDY9266990_CTTAGGAAGACAAAGG-1,Epi
5739STDY9266990_CTTGGCTAGTGGACGT-1,Epi
5739STDY9266990_GAACCTACATCCGTGG-1,Epi
5739STDY9266990_GAAGCAGAGTCCGTAT-1,Epi
5739STDY9266990_GAATAAGCATTCTCAT-1,Epi
5739STDY9266990_GAATGAAGTAAGTGGC-1,Epi
5739STDY9266990_GACCTGGAGCGGATCA-1,Epi
5739STDY9266990_GACGGCTTCAAAGTAG-1,Epi
5739STDY9266990_GACTAACCAATCACAC-1,Epi
5739STDY9266990_GAGCAGAGTCGCGTGT-1,Epi
5739STDY9266990_GAGCAGATCTAACTGG-1,Epi
5739STDY9266990_GAGCAGATCTATCCCG-1,Epi
5739STDY9266990_GATCAGTGTCTAGCCG-1,Epi
5739STDY9266990_GATCTAGAGAAACCAT-1,Epi
5739STDY9266990_GCATACAAGATCTGCT-1,Epi
5739STDY9266990_GCATGTAAGCAGCGTA-1,Epi
5739STDY9266990_GCGACCAGTGCGATAG-1,Epi
5739STDY9266990_GCGCAGTTCTGCGTAA-1,Epi
5739STDY9266990_GCTCTGTCAAAGCGGT-1,Epi
5739STDY9266990_GCTGCGACATCCCACT-1,Epi
5739STDY9266990_GCTGCGATCAACGCTA-1,Epi
5739STDY9266990_GCTGGGTCAAAGCAAT-1,Epi
5739STDY9266990_GCTGGGTTCCACGTTC-1,Epi
5739STDY9266990_GGAACTTTCAGCATGT-1,Epi
5739STDY9266990_GGACAAGGTCCGCTGA-1,Epi
5739STDY9266990_GGACAGACATCGATTG-1,Epi
5739STDY9266990_GGATGTTTCCAAACAC-1,Epi
5739STDY9266990_GGATTACTCGAATGCT-1,Epi
5739STDY9266990_GGCGACTAGCCCTAAT-1,Epi
5739STDY9266990_GGCTCGATCTGATACG-1,Epi
5739STDY9266990_GGCTGGTTCTCAAACG-1,Epi
5739STDY9266990_GGGAATGTCATTGCGA-1,Epi
5739STDY9266990_GGGACCTGTTCAGCGC-1,Epi
5739STDY9266990_GGGAGATTCGAATGGG-1,Epi
5739STDY9266990_GGGCACTCATCCGTGG-1,Epi
5739STDY9266990_GGGTCTGGTAAGCACG-1,Epi
5739STDY9266990_GGGTCTGTCTTCGGTC-1,Epi
5739STDY9266990_GGTATTGCAGGCAGTA-1,Epi
5739STDY9266990_GGTGTTAAGGACAGCT-1,Epi
5739STDY9266990_GGTGTTAGTACGCACC-1,Epi
5739STDY9266990_GTATTCTAGTGGGTTG-1,Epi
5739STDY9266990_GTCAAGTTCTAAGCCA-1,Epi
5739STDY9266990_GTCAAGTTCTATCGCC-1,Epi
5739STDY9266990_GTCACGGTCTGGGCCA-1,Epi
5739STDY9266990_GTGAAGGAGGAGTACC-1,Epi
5739STDY9266990_GTGAAGGCAGGAATGC-1,Epi
5739STDY9266990_GTGCTTCTCCCGACTT-1,Epi
5739STDY9266990_GTGGGTCGTCATACTG-1,Epi
5739STDY9266990_GTGTTAGCAAAGGTGC-1,Epi
5739STDY9266990_GTTCATTGTACTCTCC-1,Epi
5739STDY9266990_GTTTCTAGTCATCCCT-1,Epi
5739STDY9266990_TAAGAGACAGGAATGC-1,Epi
5739STDY9266990_TAAGTGCTCACAATGC-1,Epi
5739STDY9266990_TACCTATAGGTGACCA-1,Epi
5739STDY9266990_TACTTACCAATGAAAC-1,Epi
5739STDY9266990_TAGACCATCAAGATCC-1,Epi
5739STDY9266990_TAGCCGGTCGGAGGTA-1,Epi
5739STDY9266990_TAGTTGGTCATTATCC-1,Epi
5739STDY9266990_TATCTCACAGTAACGG-1,Epi
5739STDY9266990_TATCTCATCACTCTTA-1,Epi
5739STDY9266990_TATGCCCCACTCAGGC-1,Epi
5739STDY9266990_TATGCCCGTCACCTAA-1,Epi
5739STDY9266990_TCAATCTAGACGCACA-1,Epi
5739STDY9266990_TCACGAACACAGGCCT-1,Epi
5739STDY9266990_TCAGGATAGAATTCCC-1,Epi
5739STDY9266990_TCAGGATAGCCCTAAT-1,Epi
5739STDY9266990_TCATTACTCCCATTAT-1,Epi
5739STDY9266990_TCCACACGTAGCGCTC-1,Epi
5739STDY9266990_TCCCGATAGGTCATCT-1,Epi
5739STDY9266990_TCCCGATAGTATGACA-1,Epi
5739STDY9266990_TCCCGATTCGTGGTCG-1,Epi
5739STDY9266990_TCGGGACTCTTGCAAG-1,Epi
5739STDY9266990_TCGGTAAGTGGTCTCG-1,Epi
5739STDY9266990_TCGTACCTCTTCATGT-1,Epi
5739STDY9266990_TCTCTAACACGAAGCA-1,Epi
5739STDY9266990_TCTCTAAGTAGTACCT-1,Epi
5739STDY9266990_TGACAACCATTTGCCC-1,Epi
5739STDY9266990_TGACTAGGTATAGGTA-1,Epi
5739STDY9266990_TGACTAGGTTGTCTTT-1,Epi
5739STDY9266990_TGAGAGGTCGAGAACG-1,Epi
5739STDY9266990_TGCCAAACACGCATCG-1,Epi
5739STDY9266990_TGCGGGTCATTCCTGC-1,Epi
5739STDY9266990_TGGCGCAAGCCTTGAT-1,Epi
5739STDY9266990_TGGCGCAGTGACGGTA-1,Epi
5739STDY9266990_TGGCTGGAGAGGGCTT-1,Epi
5739STDY9266990_TGGGAAGTCTACTCAT-1,Epi
5739STDY9266990_TTAGGCAAGCTTATCG-1,Epi
5739STDY9266990_TTATGCTGTACTTAGC-1,Epi
5739STDY9266990_TTCTACAGTTATCGGT-1,Epi
5739STDY9266990_TTCTCAACATCAGTCA-1,Epi
5739STDY9266990_TTGACTTCACTGTGTA-1,Epi
5739STDY9266990_TTGCGTCAGCTAACTC-1,Epi
5739STDY9266990_TTTGGTTTCCTTTCTC-1,Epi
